claim_id,Claim,Reference,PMID,Exact_supporting_result,Endpoint,Model,Evidence_polarity,Directness,Allowed_wording
CLM_01,"Semi-synthetic lupeol quaternary phosphonium and carbamate derivatives induce apoptosis, caspase-3/9 cleavage, and S-phase arrest in A549 cells.",Chen Z et al. (2024); Tian S et al. (2024),39369566; 39274838,"Compound 14f significantly downregulated Bcl-2, upregulated Bax, cleaved caspase-9/3, and arrested A549 cells in S phase (IC50 = 1.2 uM).",Apoptosis induction & Cell cycle S-phase arrest,A549 in vitro,SUPPORTS,CLOSE_ANALOG (Semi-synthetic derivatives),Findings strictly pertain to semi-synthetic C-3 modified derivatives and demonstrate that chemical functionalization can overcome natural lupeol resistance in lung cancer.
CLM_02,Oncolytic Newcastle Disease Virus strain induces oncolytic cytotoxicity and caspase-3/Bax apoptosis in lung cancer A549 cells.,Liang Y et al. (2021); Ali Akbar Esfahani M et al. (2026),33968198; 41674174,"NDV strain 7793 induced oncolysis in lung cancer A549 cells; caspase-3 and Bax upregulation mediated apoptosis, augmented by miR-204.",Oncolysis & Apoptosis (Caspase-3/Bax),A549 in vitro (and TC-1 in vitro),SUPPORTS,DIRECT_SINGLE_INTERVENTION (NDV oncolysis in A549),NDV exhibits intrinsic oncolytic cytotoxicity and triggers caspase-3-mediated apoptosis in A549 lung adenocarcinoma cells.
CLM_03,"Newcastle Disease Virus disrupts mitochondrial electron transport chain and metabolic precursor synthesis, modulated by p53 in A549 cells.",Zhao C et al. (2025),41170972,NDV infection induces mitochondrial fragmentation and ETC impairment; wild-type p53 in A549 cells acts as a metabolic buffer preventing catastrophic energetic depletion.,"Mitochondrial ETC, ROS & Host metabolic buffering",A549 (p53-WT) vs H1299 (p53-null),SUPPORTS (for metabolic perturbation) / LIMITS_INTERPRETATION (for direct cytotoxic killing),DIRECT_SINGLE_INTERVENTION (Mechanistic virology in A549),"NDV alters mitochondrial ETC and nucleotide synthesis, but p53 in A549 buffers against rapid energetic exhaustion, highlighting the necessity of co-targeting survival pathways."
CLM_04,Newcastle Disease Virus rewires host glycerophospholipid metabolism during viral infection in A549 cells.,Sun Y et al. (2026),41942850,"Multi-omics profiling revealed NDV infection significantly remodels glycerophospholipid metabolism, depleting LPC and LPE to facilitate viral replication.",Multi-omics host lipid metabolic rewiring,A549 in vitro,SUPPORTS,DIRECT_SINGLE_INTERVENTION (Multi-omics in A549),"NDV actively reprograms host lipid metabolism in A549 cells, establishing an altered metabolic state during oncolytic viral propagation."
CLM_05,Tubulin-targeting and thiazolidinedione-conjugated lupeol derivatives exert antiproliferative activity against A549 cells.,Zhao Y et al. (2026); Deng S et al. (2024),41297068; 39459325,Synthesized lupeol derivatives targeted tubulin polymerization and mitochondrial membrane potential with sub-micromolar IC50 in A549 cells.,Antiproliferative IC50 & Tubulin / Mitochondrial targeting,A549 in vitro,SUPPORTS,CLOSE_ANALOG (Semi-synthetic derivatives),Semi-synthetic functionalization of lupeol at C-3 yields potent antiproliferative derivatives against lung cancer cells.
CLM_06,Crude plant extracts and fractions rich in pentacyclic triterpenes exhibit antioxidant and cytotoxic growth inhibition in lung cancer cells.,Seglab F et al. (2024); Aborehab NM et al. (2023); Shehzadi S et al. (2025),39336114; 37845669; 40951590,Terpenoid-rich fractions and crude extracts containing lupeol exhibited antioxidant capacity and cytotoxic inhibition across A549 cell lines.,Cytotoxic growth inhibition (Extract matrix),A549 in vitro,SUPPORTS,CLOSE_ANALOG (Whole Plant Extracts),"Natural extracts containing lupeol and related triterpenoids exhibit in vitro growth inhibition in A549, reflecting combined phytochemical matrix effects."
CLM_07,"Recombinant and chimeric NDV platforms (rVSV-NDV, IL-12 oNDV, NDV-anti-VEGFR2) mediate syncytial cell death and overcome therapeutic resistance in lung cancer.",Kortum F et al. (2025); Rosewell Shaw A et al. (2024); Liu L et al. (2025),40896365; 39624055; 40382521,rVSV-NDV mediated syncytial cell fusion and necroptosis; IL-12 oNDV synergized with CAR-T cells in orthotopic NSCLC models.,Syncytial oncolytic cell death & Combination synergy,Human lung cancer in vitro & Orthotopic in vivo,SUPPORTS,CLOSE_ANALOG (Engineered & Hybrid Viral Platforms),Engineered NDV constructs demonstrate the feasibility of combining oncolytic viral platforms with secondary agents to achieve enhanced tumor destruction in lung cancer.
CLM_08,Pentacyclic triterpenes differentially regulate cellular metabolism and viability in lung carcinoma cells.,Torres-Sanchez A et al. (2024),38931361,Comparative profiling of six pentacyclic triterpenes revealed differential downregulation of glycolytic flux and cell viability in A549 cells.,Metabolic regulation & Viability across triterpene class,A549 in vitro,SUPPORTS,CLOSE_ANALOG (Related Triterpene Class),"Pentacyclic triterpenes as a structural class modulate cellular metabolic flux in A549 cells, with potency strongly dependent on specific molecular substitutions."
CLM_09,"NDV stimulates differential Type I interferon production, providing tumor-selective oncolytic replication while sparing non-malignant cells.",Ginting TE et al. (2026),42699700,NDV-induced IFN-I secretion modulated PD-L1 and MICA expression differentially in A549 tumor cells compared to normal cells.,Type I Interferon signaling & Tumor selectivity,A549 vs normal non-malignant cells,SUPPORTS,MECHANISTIC_METHOD_EVIDENCE (Selectivity mechanism),Oncolytic selectivity of NDV is biologically grounded in deficient antiviral interferon pathways in malignant cells compared to normal counterparts.
CLM_10,Pure natural Lupeol inhibits cancer cell migration and invasion via downregulation of the MAPK/ERK pathway in lung adenocarcinoma.,Bhatt M et al. (2021),32329697,Lupeol significantly inhibited cell migration in A549 cells with decreased expression of pErk1/2 protein along with N-cadherin and vimentin genes.,"Cell migration, invasion & MAPK/ERK pathway inhibition",A549 in vitro,SUPPORTS,DIRECT_SINGLE_INTERVENTION (Pure Lupeol in A549: Anti-Migratory),Pure natural Lupeol exerts selective anti-metastatic effects in A549 lung cancer cells through suppression of the MAPK/ERK signaling cascade.
CLM_10_CYTO_LIMITATION,Pure natural Lupeol alone at sub-toxic anti-migratory doses exerts direct cytotoxic cell killing or marked growth inhibition in A549 cells.,Bhatt M et al. (2021),32329697,"Despite having NO cytotoxic effects, lupeol also significantly inhibited cell migration in A549 cells... Lupeol showed no cytotoxic effects on A549 cells.",Cytotoxicity & Cell viability reduction,A549 in vitro,LIMITS_INTERPRETATION,LIMITING_EVIDENCE (Non-cytotoxic at physiological anti-migratory doses),"Pure natural Lupeol alone was documented to show NO cytotoxic effects on A549 cells at tested anti-migratory doses, directly establishing that Lupeol monotherapy is non-cytotoxic and necessitating investigation of combination strategies with an oncolytic virus."
CLM_11,Phytochemical combinations with therapeutic agents display synergistic cytotoxicity and enhanced apoptosis in A549 lung cancer cells.,Kumar A et al. (2026); Almalghooth HDM et al. (2026),42621169; 42404852,Erucin + kaempferol and paclitaxel + eugenol co-treatments yielded synergistic growth inhibition (CI < 1.0) and enhanced apoptotic caspase activation in A549.,Drug combination synergism (CI < 1.0),A549 in vitro,SUPPORTS,CLOSE_ANALOG (Proof-of-concept for phytochemical combination in A549),"Serves as empirical proof-of-concept that phytochemical co-treatments can achieve synergistic growth inhibition (CI < 1.0) in A549, but does NOT establish synergy for the untested Lupeol + NDV pair."
CLM_12,Pharmacological combination interactions and synergy are quantitatively evaluated using the Median-Effect Equation and Combination Index (CI).,Chou TC (2006); Chou TC (1984),16968952; 6382953,"Median-effect equation and combination index theorem define the mass-action mathematical basis for synergism (CI < 1), additive effect (CI = 1), and antagonism (CI > 1).",Mathematical algorithm for combination interaction analysis,Theoretical pharmacology / Computerized algorithm,SUPPORTS (for methodology),METHOD_SUPPORT (Quantitative Algorithm Standard),"Provides the formal quantitative mathematical framework (Chou-Talalay method) for testing whether simultaneous drug interactions are synergistic, additive, or antagonistic."
CLM_13,Cellular viability and antiproliferative effects in vitro are quantitatively assessed using the colorimetric tetrazolium MTT reduction assay.,Mosmann T (1983),6606682,Rapid colorimetric assay measuring cell survival and proliferation via mitochondrial cleavage of tetrazolium salt (MTT).,Mitochondrial metabolic viability bioassay,In vitro cell culture bioassay,SUPPORTS (for bioassay standard),METHOD_SUPPORT (Standard Cell Viability Bioassay),Established reference protocol for colorimetric measurement of in vitro cellular viability and cytotoxicity at 570 nm.
CLM_14,"Co-targeting cell survival pathways (Akt, STAT3) and activating apoptotic cascades provides mechanistic rationale for combined anticancer approaches.",Yu J et al. (2026); Sun J et al. (2026),42772808; 42633541,"Dual inhibition of survival signaling (PI3K/Akt, STAT3) triggers mitochondrial apoptosis and cell cycle arrest in A549 cells.",Apoptotic pathway crosstalk & Survival signaling inhibition,A549 in vitro,SUPPORTS,MECHANISTIC_METHOD_EVIDENCE (Orthogonal signaling benchmarks),Supports the biological hypothesis that inhibiting parallel survival cascades can sensitize NSCLC cells to apoptotic stimuli.
HYP_01,The simultaneous co-administration of Pure Lupeol and oncolytic Newcastle Disease Virus exerts a synergistic inhibitory effect (Chou-Talalay CI < 1.0) on A549 cells.,UNTESTED_HYPOTHESIS_PENDING_EXPERIMENT,NO_DIRECT_STUDY_IDENTIFIED_IN_SEARCHED_SOURCES,Zero published studies evaluating the combination of Pure Lupeol and NDV in cancer were identified in PubMed or Europe PMC.,Combination Index (CI < 1.0) / Synergistic growth inhibition,A549 in vitro,NEUTRAL (Untested Empirical Hypothesis),HYPOTHESIS_ONLY (Primary research question of the proposed study),Formulated strictly as a research hypothesis (HYPOTHESIS_ONLY) to be experimentally determined by median-effect dose titration and CompuSyn CI calculation.
