Citation Number,PMID,DOI,First Author,Year,Journal,Evidence Relationship,Compound Tested,Compound Identity Classification,Biological Model,Model Match Classification,Intervention Type,Viral Platform Classification,Reported Quantitative Outcomes,Synergy Evidence Status,Chou-Talalay CI Source,Risk of Bias,Proposal Section Supported,Claim Grounding Role,Epistemic Hedging Required,Full Justification
1,39369566,10.1016/j.bmc.2024.117934,Chen Z,2024,Bioorg Med Chem,CLOSE_ANALOG,Semi-synthetic Lupeol Derivative,COMPOUND_DERIVATIVE,A549 (Human Lung Adenocarcinoma),EXACT,Lupeol / Triterpenoid Administration,NOT_APPLICABLE,GROWTH_INHIBITION; APOPTOSIS; CASPASE_ACTIVITY; CELL_CYCLE; SELECTIVITY; IC50,MONOTHERAPY_ONLY,UNVERIFIED,LOW_ROB,SECTION_2_PROBLEM_STATEMENT; SECTION_3_LITERATURE_REVIEW; SECTION_4_NECESSITY; SECTION_6_SPECIFIC_OBJECTIVES,INTERVENTION_EFFICACY_EVIDENCE,MUST NOT claim synergy. Strictly cite as single-agent monotherapy efficacy.,Provides direct empirical evidence for single or combination intervention efficacy and therapeutic response.
2,33968198,10.3892/ol.2021.12743,Liang Y,2021,Oncol Lett,DIRECT,Oncolytic NDV / Reference Chemotherapy,UNKNOWN_IDENTITY,A549 (Human Lung Adenocarcinoma),EXACT,Newcastle Disease Virus (NDV) Oncolysis,VIRUS_STRAIN_SPECIFIED,APOPTOSIS; CASPASE_ACTIVITY; ONCOLYSIS,MONOTHERAPY_ONLY,UNVERIFIED,LOW_ROB,SECTION_2_PROBLEM_STATEMENT; SECTION_3_LITERATURE_REVIEW; SECTION_4_NECESSITY; SECTION_6_SPECIFIC_OBJECTIVES,INTERVENTION_EFFICACY_EVIDENCE,MUST NOT claim synergy. Strictly cite as single-agent monotherapy efficacy.,Provides direct empirical evidence for single or combination intervention efficacy and therapeutic response.
3,39624055,10.1016/j.omton.2024.200899,Rosewell Shaw A,2024,Mol Ther Oncol,CLOSE_ANALOG,Oncolytic NDV / Reference Chemotherapy,UNKNOWN_IDENTITY,NSCLC / In Vitro & In Vivo Cancer Models,CLOSE,Newcastle Disease Virus (NDV) Oncolysis,CHIMERIC_HYBRID_VIRUS,ONCOLYSIS,MONOTHERAPY_ONLY,UNVERIFIED,LOW_ROB,SECTION_2_PROBLEM_STATEMENT; SECTION_3_LITERATURE_REVIEW; SECTION_4_NECESSITY; SECTION_6_SPECIFIC_OBJECTIVES,INTERVENTION_EFFICACY_EVIDENCE,MUST NOT claim synergy. Strictly cite as single-agent monotherapy efficacy.,Provides direct empirical evidence for single or combination intervention efficacy and therapeutic response.
4,41170972,10.1128/jvi.01576-25,Zhao C,2025,J Virol,DIRECT,Oncolytic NDV / Reference Chemotherapy,UNKNOWN_IDENTITY,A549 (Human Lung Adenocarcinoma),EXACT,Newcastle Disease Virus (NDV) Oncolysis,WT_VIRUS,ONCOLYSIS,MONOTHERAPY_ONLY,UNVERIFIED,LOW_ROB,SECTION_2_PROBLEM_STATEMENT; SECTION_3_LITERATURE_REVIEW; SECTION_4_NECESSITY; SECTION_6_SPECIFIC_OBJECTIVES,INTERVENTION_EFFICACY_EVIDENCE,MUST NOT claim synergy. Strictly cite as single-agent monotherapy efficacy.,Provides direct empirical evidence for single or combination intervention efficacy and therapeutic response.
5,42621169,10.1007/s10616-026-01049-w,Kumar A,2026,Cytotechnology,CLOSE_ANALOG,Oncolytic NDV / Reference Chemotherapy,UNKNOWN_IDENTITY,A549 (Human Lung Adenocarcinoma),EXACT,Phytochemical / Combination Therapy,NOT_APPLICABLE,APOPTOSIS; CASPASE_ACTIVITY; SYNERGY; CI,ANALOGOUS,EMPIRICAL_STUDY,LOW_ROB,SECTION_2_PROBLEM_STATEMENT; SECTION_3_LITERATURE_REVIEW; SECTION_4_NECESSITY; SECTION_6_SPECIFIC_OBJECTIVES,INTERVENTION_EFFICACY_EVIDENCE,MUST explicitly label as derivative/analog or surrogate system. Do not claim as parent Lupeol+NDV.,Provides direct empirical evidence for single or combination intervention efficacy and therapeutic response.
6,41297068,10.1016/j.bmc.2025.118498,Zhao Y,2026,Bioorg Med Chem,CLOSE_ANALOG,Semi-synthetic Lupeol Derivative,COMPOUND_DERIVATIVE,A549 (Human Lung Adenocarcinoma),EXACT,Lupeol / Triterpenoid Administration,NOT_APPLICABLE,GROWTH_INHIBITION; APOPTOSIS; CELL_CYCLE; SELECTIVITY; IC50,MONOTHERAPY_ONLY,UNVERIFIED,LOW_ROB,SECTION_2_PROBLEM_STATEMENT; SECTION_3_LITERATURE_REVIEW; SECTION_4_NECESSITY; SECTION_6_SPECIFIC_OBJECTIVES,INTERVENTION_EFFICACY_EVIDENCE,MUST NOT claim synergy. Strictly cite as single-agent monotherapy efficacy.,Provides direct empirical evidence for single or combination intervention efficacy and therapeutic response.
7,39336114,10.3390/biology13090687,Seglab F,2024,Biology (Basel),CLOSE_ANALOG,Lupeol-containing Plant Extract,CONTAINING_EXTRACT,A549 (Human Lung Adenocarcinoma),EXACT,Phytochemical / Combination Therapy,NOT_APPLICABLE,CELL_VIABILITY; APOPTOSIS; CASPASE_ACTIVITY; IC50,MONOTHERAPY_ONLY,UNVERIFIED,LOW_ROB,SECTION_2_PROBLEM_STATEMENT; SECTION_3_LITERATURE_REVIEW; SECTION_4_NECESSITY; SECTION_6_SPECIFIC_OBJECTIVES,INTERVENTION_EFFICACY_EVIDENCE,MUST NOT claim synergy. Strictly cite as single-agent monotherapy efficacy.,Provides direct empirical evidence for single or combination intervention efficacy and therapeutic response.
8,39274838,10.3390/molecules29173990,Tian S,2024,Molecules,CLOSE_ANALOG,Semi-synthetic Lupeol Derivative,COMPOUND_DERIVATIVE,A549 (Human Lung Adenocarcinoma),EXACT,Lupeol / Triterpenoid Administration,NOT_APPLICABLE,GROWTH_INHIBITION; APOPTOSIS; IC50,MONOTHERAPY_ONLY,UNVERIFIED,LOW_ROB,SECTION_2_PROBLEM_STATEMENT; SECTION_3_LITERATURE_REVIEW; SECTION_4_NECESSITY; SECTION_6_SPECIFIC_OBJECTIVES,INTERVENTION_EFFICACY_EVIDENCE,MUST NOT claim synergy. Strictly cite as single-agent monotherapy efficacy.,Provides direct empirical evidence for single or combination intervention efficacy and therapeutic response.
9,41942850,10.1186/s12864-026-12760-5,Sun Y,2026,BMC Genomics,DIRECT,Oncolytic NDV / Reference Chemotherapy,UNKNOWN_IDENTITY,A549 (Human Lung Adenocarcinoma),EXACT,Newcastle Disease Virus (NDV) Oncolysis,WT_VIRUS,ONCOLYSIS,MONOTHERAPY_ONLY,UNVERIFIED,LOW_ROB,SECTION_2_PROBLEM_STATEMENT; SECTION_3_LITERATURE_REVIEW; SECTION_4_NECESSITY; SECTION_6_SPECIFIC_OBJECTIVES,INTERVENTION_EFFICACY_EVIDENCE,MUST NOT claim synergy. Strictly cite as single-agent monotherapy efficacy.,Provides direct empirical evidence for single or combination intervention efficacy and therapeutic response.
10,37845669,10.1186/s12906-023-04201-7,Aborehab NM,2023,BMC Complement Med Ther,CLOSE_ANALOG,Lupeol-containing Plant Extract,CONTAINING_EXTRACT,A549 (Human Lung Adenocarcinoma),EXACT,Phytochemical / Combination Therapy,NOT_APPLICABLE,APOPTOSIS; CELL_CYCLE,MONOTHERAPY_ONLY,UNVERIFIED,LOW_ROB,SECTION_2_PROBLEM_STATEMENT; SECTION_3_LITERATURE_REVIEW; SECTION_9_HYPOTHESES_QUESTIONS,MECHANISTIC_RATIONALE,MUST NOT claim synergy. Strictly cite as single-agent monotherapy efficacy.,"Provides molecular evidence for signaling pathways, apoptosis mediators, and intracellular target modulation."
11,39459325,10.3390/molecules29204957,Deng S,2024,Molecules,CLOSE_ANALOG,Semi-synthetic Lupeol Derivative,COMPOUND_DERIVATIVE,A549 (Human Lung Adenocarcinoma),EXACT,Lupeol / Triterpenoid Administration,NOT_APPLICABLE,APOPTOSIS; IC50,MONOTHERAPY_ONLY,UNVERIFIED,LOW_ROB,SECTION_2_PROBLEM_STATEMENT; SECTION_3_LITERATURE_REVIEW; SECTION_9_HYPOTHESES_QUESTIONS,MECHANISTIC_RATIONALE,MUST NOT claim synergy. Strictly cite as single-agent monotherapy efficacy.,"Provides molecular evidence for signaling pathways, apoptosis mediators, and intracellular target modulation."
12,40896365,10.1016/j.omton.2025.201027,Kortum F,2025,Mol Ther Oncol,CLOSE_ANALOG,Oncolytic NDV / Reference Chemotherapy,UNKNOWN_IDENTITY,A549 (Human Lung Adenocarcinoma),EXACT,Newcastle Disease Virus (NDV) Oncolysis,CHIMERIC_HYBRID_VIRUS,APOPTOSIS; CASPASE_ACTIVITY; ONCOLYSIS,MONOTHERAPY_ONLY,UNVERIFIED,LOW_ROB,SECTION_2_PROBLEM_STATEMENT; SECTION_3_LITERATURE_REVIEW; SECTION_9_HYPOTHESES_QUESTIONS,MECHANISTIC_RATIONALE,MUST NOT claim synergy. Strictly cite as single-agent monotherapy efficacy.,"Provides molecular evidence for signaling pathways, apoptosis mediators, and intracellular target modulation."
13,38931361,10.3390/ph17060694,Torres-Sanchez A,2024,Pharmaceuticals (Basel),CLOSE_ANALOG,Pentacyclic Triterpene Analog,COMPOUND_ANALOG,A549 (Human Lung Adenocarcinoma),EXACT,Phytochemical / Combination Therapy,NOT_APPLICABLE,APOPTOSIS; CASPASE_ACTIVITY,MONOTHERAPY_ONLY,UNVERIFIED,LOW_ROB,SECTION_2_PROBLEM_STATEMENT; SECTION_3_LITERATURE_REVIEW; SECTION_9_HYPOTHESES_QUESTIONS,MECHANISTIC_RATIONALE,MUST NOT claim synergy. Strictly cite as single-agent monotherapy efficacy.,"Provides molecular evidence for signaling pathways, apoptosis mediators, and intracellular target modulation."
14,41674174,10.18502/ijaai.v25i1.20440,Ali Akbar Esfahani M,2026,Iran J Allergy Asthma Immunol,CLOSE_ANALOG,Oncolytic NDV / Reference Chemotherapy,UNKNOWN_IDENTITY,NSCLC / In Vitro & In Vivo Cancer Models,DIFFERENT,Newcastle Disease Virus (NDV) Oncolysis,WT_VIRUS,CELL_VIABILITY; APOPTOSIS; CASPASE_ACTIVITY; ONCOLYSIS; SELECTIVITY,MONOTHERAPY_ONLY,UNVERIFIED,LOW_ROB,SECTION_2_PROBLEM_STATEMENT; SECTION_3_LITERATURE_REVIEW; SECTION_9_HYPOTHESES_QUESTIONS,MECHANISTIC_RATIONALE,MUST NOT claim synergy. Strictly cite as single-agent monotherapy efficacy.,"Provides molecular evidence for signaling pathways, apoptosis mediators, and intracellular target modulation."
15,40382521,10.1038/s41434-025-00540-x,Liu L,2025,Gene Ther,CLOSE_ANALOG,Oncolytic NDV / Reference Chemotherapy,UNKNOWN_IDENTITY,NSCLC / In Vitro & In Vivo Cancer Models,CLOSE,Newcastle Disease Virus (NDV) Oncolysis,RECOMBINANT_VIRUS,GROWTH_INHIBITION; ONCOLYSIS,MONOTHERAPY_ONLY,UNVERIFIED,LOW_ROB,SECTION_2_PROBLEM_STATEMENT; SECTION_3_LITERATURE_REVIEW; SECTION_9_HYPOTHESES_QUESTIONS,MECHANISTIC_RATIONALE,MUST NOT claim synergy. Strictly cite as single-agent monotherapy efficacy.,"Provides molecular evidence for signaling pathways, apoptosis mediators, and intracellular target modulation."
16,40951590,10.1002/fsn3.70915,Shehzadi S,2025,Food Sci Nutr,CLOSE_ANALOG,Lupeol-containing Plant Extract,CONTAINING_EXTRACT,A549 (Human Lung Adenocarcinoma),EXACT,Phytochemical / Combination Therapy,NOT_APPLICABLE,CELL_VIABILITY; APOPTOSIS,MONOTHERAPY_ONLY,UNVERIFIED,LOW_ROB,SECTION_2_PROBLEM_STATEMENT; SECTION_3_LITERATURE_REVIEW; SECTION_11_VARIABLE_TABLE,DIRECT_DISEASE_MODEL_EVIDENCE,MUST NOT claim synergy. Strictly cite as single-agent monotherapy efficacy.,"Characterizes baseline disease phenotype, target tissue characteristics, and baseline experimental system behavior."
17,42699700,10.2147/itt.s614889,Ginting TE,2026,Immunotargets Ther,MECHANISTIC_SUPPORT,Oncolytic NDV / Reference Chemotherapy,UNKNOWN_IDENTITY,A549 (Human Lung Adenocarcinoma),EXACT,Newcastle Disease Virus (NDV) Oncolysis,VIRUS_STRAIN_SPECIFIED,SELECTIVITY,MONOTHERAPY_ONLY,UNVERIFIED,LOW_ROB,SECTION_2_PROBLEM_STATEMENT; SECTION_3_LITERATURE_REVIEW; SECTION_11_VARIABLE_TABLE,DIRECT_DISEASE_MODEL_EVIDENCE,MUST NOT claim synergy. Strictly cite as single-agent monotherapy efficacy.,"Characterizes baseline disease phenotype, target tissue characteristics, and baseline experimental system behavior."
18,42404852,10.1007/s10616-026-01019-2,Almalghooth HDM,2026,Cytotechnology,CLOSE_ANALOG,Oncolytic NDV / Reference Chemotherapy,UNKNOWN_IDENTITY,A549 (Human Lung Adenocarcinoma),EXACT,Phytochemical / Combination Therapy,NOT_APPLICABLE,CELL_VIABILITY; GROWTH_INHIBITION; APOPTOSIS; CASPASE_ACTIVITY; CELL_CYCLE; SYNERGY; IC50,ANALOGOUS,UNVERIFIED,LOW_ROB,SECTION_2_PROBLEM_STATEMENT; SECTION_3_LITERATURE_REVIEW; SECTION_11_VARIABLE_TABLE,DIRECT_DISEASE_MODEL_EVIDENCE,MUST explicitly label as derivative/analog or surrogate system. Do not claim as parent Lupeol+NDV.,"Characterizes baseline disease phenotype, target tissue characteristics, and baseline experimental system behavior."
19,16968952,10.1124/pr.58.3.10,Chou TC,2006,Pharmacol Rev,METHOD_SUPPORT,Pure Lupeol,PARENT_COMPOUND,Theoretical / Universal Cellular Assays,EXACT,Mathematical / Bioassay Methodology,NOT_APPLICABLE,SYNERGY; CI,NOT_APPLICABLE,CHOU_2006_LANDMARK,LOW_ROB,SECTION_3_LITERATURE_REVIEW; SECTION_13_METHODOLOGY,METHODOLOGICAL_BENCHMARK,Methodological benchmark only. Do not cite as direct biological response.,Provides canonical assay protocol and validated mathematical/experimental formulation essential for proposal execution.
20,6606682,10.1016/0022-1759(83)90303-4,Mosmann T,1983,J Immunol Methods,METHOD_SUPPORT,Pure Lupeol,PARENT_COMPOUND,Theoretical / Universal Cellular Assays,EXACT,Mathematical / Bioassay Methodology,NOT_APPLICABLE,CELL_VIABILITY,NOT_APPLICABLE,CHOU_2006_LANDMARK,LOW_ROB,SECTION_3_LITERATURE_REVIEW; SECTION_13_METHODOLOGY,METHODOLOGICAL_BENCHMARK,Methodological benchmark only. Do not cite as direct biological response.,Provides canonical assay protocol and validated mathematical/experimental formulation essential for proposal execution.
21,6382953,10.1016/0065-2571(84)90007-4,Chou TC,1984,Adv Enzyme Regul,METHOD_SUPPORT,Pure Lupeol,PARENT_COMPOUND,Theoretical / Universal Cellular Assays,EXACT,Mathematical / Bioassay Methodology,NOT_APPLICABLE,SYNERGY; CI,NOT_APPLICABLE,CHOU_2006_LANDMARK,LOW_ROB,SECTION_3_LITERATURE_REVIEW; SECTION_13_METHODOLOGY,METHODOLOGICAL_BENCHMARK,Methodological benchmark only. Do not cite as direct biological response.,Provides canonical assay protocol and validated mathematical/experimental formulation essential for proposal execution.
22,32329697,10.2174/1871520620666200424131548,Bhatt M,2021,Anticancer Agents Med Chem,MECHANISTIC_SUPPORT,Pure Lupeol,PARENT_COMPOUND,A549 (Human Lung Adenocarcinoma),EXACT,Lupeol / Triterpenoid Administration,NOT_APPLICABLE,OTHER,MONOTHERAPY_ONLY,UNVERIFIED,LOW_ROB,SECTION_2_PROBLEM_STATEMENT; SECTION_3_LITERATURE_REVIEW; SECTION_9_HYPOTHESES_QUESTIONS,MECHANISTIC_RATIONALE,MUST NOT claim synergy. Strictly cite as single-agent monotherapy efficacy.,"Provides molecular evidence for signaling pathways, apoptosis mediators, and intracellular target modulation."
23,42772808,10.1111/1759-7714.70393,Yu J,2026,Thorac Cancer,MECHANISTIC_SUPPORT,Oncolytic NDV / Reference Chemotherapy,UNKNOWN_IDENTITY,A549 (Human Lung Adenocarcinoma),EXACT,Phytochemical / Combination Therapy,NOT_APPLICABLE,APOPTOSIS; CASPASE_ACTIVITY,MONOTHERAPY_ONLY,UNVERIFIED,LOW_ROB,SECTION_2_PROBLEM_STATEMENT; SECTION_3_LITERATURE_REVIEW; SECTION_9_HYPOTHESES_QUESTIONS,MECHANISTIC_RATIONALE,MUST NOT claim synergy. Strictly cite as single-agent monotherapy efficacy.,"Provides molecular evidence for signaling pathways, apoptosis mediators, and intracellular target modulation."
24,39792924,10.1371/journal.ppat.1012531,Yang Y,2025,PLoS Pathog,INDIRECT,Oncolytic NDV / Reference Chemotherapy,UNKNOWN_IDENTITY,A549 (Human Lung Adenocarcinoma),EXACT,Phytochemical / Combination Therapy,RECOMBINANT_VIRUS,ONCOLYSIS,MONOTHERAPY_ONLY,UNVERIFIED,LOW_ROB,SECTION_2_PROBLEM_STATEMENT; SECTION_3_LITERATURE_REVIEW; SECTION_4_NECESSITY; SECTION_6_SPECIFIC_OBJECTIVES,INTERVENTION_EFFICACY_EVIDENCE,MUST NOT claim synergy. Strictly cite as single-agent monotherapy efficacy.,Provides direct empirical evidence for single or combination intervention efficacy and therapeutic response.
25,42633541,10.36721/pjps.2026.39.11.328.1,Sun J,2026,Pak J Pharm Sci,MECHANISTIC_SUPPORT,Oncolytic NDV / Reference Chemotherapy,UNKNOWN_IDENTITY,A549 (Human Lung Adenocarcinoma),EXACT,Phytochemical / Combination Therapy,NOT_APPLICABLE,CELL_VIABILITY; APOPTOSIS; CASPASE_ACTIVITY; CELL_CYCLE; IC50,MONOTHERAPY_ONLY,UNVERIFIED,LOW_ROB,SECTION_2_PROBLEM_STATEMENT; SECTION_3_LITERATURE_REVIEW; SECTION_9_HYPOTHESES_QUESTIONS,MECHANISTIC_RATIONALE,MUST NOT claim synergy. Strictly cite as single-agent monotherapy efficacy.,"Provides molecular evidence for signaling pathways, apoptosis mediators, and intracellular target modulation."
