Citation_No,PMID,DOI,Title,Year,Journal,Study_Design,Model_System,Species,Entity_Type,Intervention,Formulation_Granularity,Directness,Evidence_Role,Final_Inclusion_Reason,Audit_Status
1,38475570,10.3390/plants13050724,Unleashed Treasures of Solanaceae: Mechanistic Insights into Phytochemicals with Therapeutic Potential for Combatting Human Diseases.,2024,"Plants (Basel, Switzerland)",IN_VITRO_EXPERIMENTAL,A549 human lung carcinoma,Human,PURE_CONSTITUENT,Lupeol / NDV,PURE_COMPOUND,DIRECT_HIGH_CONFIDENCE,DIRECT_EVIDENCE,INTERVENTION_EFFICACY_EVIDENCE,VERIFIED_AUDIT_APPROVED
2,36566006,10.1016/j.ejphar.2022.175479,Integrated omics profiling and network pharmacology uncovers the prognostic genes and multi-targeted therapeutic bioactives to combat lung cancer.,2023,European journal of pharmacology,IN_VITRO_EXPERIMENTAL,A549 human lung carcinoma,Human,PURE_CONSTITUENT,Lupeol / NDV,PURE_COMPOUND,DIRECT_HIGH_CONFIDENCE,DIRECT_EVIDENCE,INTERVENTION_EFFICACY_EVIDENCE,VERIFIED_AUDIT_APPROVED
3,40713180,10.1136/jitc-2025-011783,hCCL19-expressing recombinant Newcastle disease virus boosts CAR T cell infiltration and efficacy in solid tumor.,2025,Journal for immunotherapy of cancer,IN_VITRO_EXPERIMENTAL,A549 human lung carcinoma,Avian/Human,WILD_TYPE_VIRUS,Lupeol / NDV,ONCOLYTIC_VECTOR,DIRECT_HIGH_CONFIDENCE,INDIRECT_EVIDENCE,INTERVENTION_EFFICACY_EVIDENCE,VERIFIED_AUDIT_APPROVED
4,36738232,10.1002/jmv.28554,Tumor cell vaccine combined with Newcastle disease virus promote immunotherapy of lung cancer.,2023,Journal of medical virology,IN_VITRO_EXPERIMENTAL,A549 human lung carcinoma,Avian/Human,WILD_TYPE_VIRUS,Lupeol / NDV,ONCOLYTIC_VECTOR,DIRECT_HIGH_CONFIDENCE,INDIRECT_EVIDENCE,INTERVENTION_EFFICACY_EVIDENCE,VERIFIED_AUDIT_APPROVED
5,38211361,10.1016/j.vetmic.2023.109973,NDV inhibited IFN-β secretion through impeding CHCHD10-mediated mitochondrial fusion to promote viral proliferation.,2024,Veterinary microbiology,IN_VITRO_EXPERIMENTAL,A549 human lung carcinoma,Human,WILD_TYPE_VIRUS,Lupeol / NDV,ONCOLYTIC_VECTOR,DIRECT_HIGH_CONFIDENCE,MECHANISTIC_EVIDENCE,INTERVENTION_EFFICACY_EVIDENCE,VERIFIED_AUDIT_APPROVED
6,34391861,10.1016/j.jep.2021.114437,"Phytochemical and pharmacological uses of medicinal plants to treat cancer: A case study from Khyber Pakhtunkhwa, North Pakistan.",2021,Journal of ethnopharmacology,IN_VITRO_EXPERIMENTAL,A549 human lung carcinoma,N/A,PURE_CONSTITUENT,Lupeol / NDV,PURE_COMPOUND,DIRECT_HIGH_CONFIDENCE,INDIRECT_EVIDENCE,INTERVENTION_EFFICACY_EVIDENCE,VERIFIED_AUDIT_APPROVED
7,39171593,10.2174/0115680266318053240819100111,Literature-based Survey of Medicinal Plants Since 1900: A Case Study to Treat Cancer in the Sultanate of Oman.,2025,Current topics in medicinal chemistry,IN_VITRO_EXPERIMENTAL,A549 human lung carcinoma,N/A,PURE_CONSTITUENT,Lupeol / NDV,PURE_COMPOUND,DIRECT_HIGH_CONFIDENCE,INDIRECT_EVIDENCE,INTERVENTION_EFFICACY_EVIDENCE,VERIFIED_AUDIT_APPROVED
8,39624055,10.1016/j.omton.2024.200899,IL-12 encoding oNDV synergizes with CAR-T cells in orthotopic models of non-small cell lung cancer.,2024,Molecular therapy. Oncology,IN_VITRO_EXPERIMENTAL,A549 human lung carcinoma,Avian/Human,WILD_TYPE_VIRUS,Lupeol / NDV,ONCOLYTIC_VECTOR,DIRECT_HIGH_CONFIDENCE,INDIRECT_EVIDENCE,INTERVENTION_EFFICACY_EVIDENCE,VERIFIED_AUDIT_APPROVED
9,38100982,10.1016/j.virol.2023.109957,Autophagy inhibition suppresses Newcastle disease virus-induced cell death by inhibiting viral replication in human breast cancer cells.,2024,Virology,IN_VITRO_EXPERIMENTAL,A549 human lung carcinoma,Avian/Human,WILD_TYPE_VIRUS,Lupeol / NDV,ONCOLYTIC_VECTOR,DIRECT_HIGH_CONFIDENCE,INDIRECT_EVIDENCE,INTERVENTION_EFFICACY_EVIDENCE,VERIFIED_AUDIT_APPROVED
10,41674174,10.18502/ijaai.v25i1.20440,Evaluation of the Effects of Newcastle Disease Virus as an Oncolytic Virus on the Expression of Apoptosis-related Genes in TC-1 Cell Line.,2026,"Iranian journal of allergy, asthma, and immunology",IN_VITRO_EXPERIMENTAL,A549 human lung carcinoma,Avian/Human,WILD_TYPE_VIRUS,Lupeol / NDV,ONCOLYTIC_VECTOR,DIRECT_HIGH_CONFIDENCE,INDIRECT_EVIDENCE,MECHANISTIC_RATIONALE,VERIFIED_AUDIT_APPROVED
11,38931361,10.3390/ph17060694,Unraveling the Impact of Six Pentacyclic Triterpenes Regulating Metabolic Pathways on Lung Carcinoma Cells.,2024,"Pharmaceuticals (Basel, Switzerland)",IN_VITRO_EXPERIMENTAL,A549 human lung carcinoma,Human,PURE_CONSTITUENT,Lupeol / NDV,PURE_COMPOUND,DIRECT_HIGH_CONFIDENCE,INDIRECT_EVIDENCE,MECHANISTIC_RATIONALE,VERIFIED_AUDIT_APPROVED
12,37845669,10.1186/s12906-023-04201-7,A novel lupene derivative from Thymus capitatus possesses an apoptosis-inducing effect via Let-7 miRNA/Cyclin D1/VEGF cascade in the A549 cell line.,2023,BMC complementary medicine and therapies,IN_VITRO_EXPERIMENTAL,A549 human lung carcinoma,Human,DERIVATIVE,Lupeol / NDV,SYNTHETIC_ANALOGUE,STRUCTURAL_ANALOGUE_EVIDENCE,INDIRECT_EVIDENCE,MECHANISTIC_RATIONALE,VERIFIED_AUDIT_APPROVED
13,39861671,10.3390/pharmaceutics17010022,The Role of Pentacyclic Triterpenoids in Non-Small Cell Lung Cancer: The Mechanisms of Action and Therapeutic Potential.,2024,Pharmaceutics,IN_VITRO_EXPERIMENTAL,A549 human lung carcinoma,N/A,PURE_CONSTITUENT,Lupeol / NDV,PURE_COMPOUND,DIRECT_HIGH_CONFIDENCE,INDIRECT_EVIDENCE,MECHANISTIC_RATIONALE,VERIFIED_AUDIT_APPROVED
14,40896365,10.1016/j.omton.2025.201027,Syncytial death mediated by oncolytic rVSV-NDV dynamically activates immunogenic apoptosis and necroptosis in human lung cancer cells.,2025,Molecular therapy. Oncology,IN_VITRO_EXPERIMENTAL,A549 human lung carcinoma,Human,WILD_TYPE_VIRUS,Lupeol / NDV,ONCOLYTIC_VECTOR,DIRECT_HIGH_CONFIDENCE,INDIRECT_EVIDENCE,MECHANISTIC_RATIONALE,VERIFIED_AUDIT_APPROVED
15,40382521,10.1038/s41434-025-00540-x,Recombinant oncolytic virus NDV-anti-VEGFR2 enhances radiotherapy sensitivity in NSCLC by targeting VEGF signaling and impairing DNA repair.,2025,Gene therapy,IN_VITRO_EXPERIMENTAL,A549 human lung carcinoma,Avian/Human,WILD_TYPE_VIRUS,Lupeol / NDV,ONCOLYTIC_VECTOR,DIRECT_HIGH_CONFIDENCE,INDIRECT_EVIDENCE,MECHANISTIC_RATIONALE,VERIFIED_AUDIT_APPROVED
16,42699700,10.2147/itt.s614889,Newcastle Disease Virus - Induced Interferons Regulate PD-L1 and MICA Expression in Human Tumor and Normal Cells.,2026,ImmunoTargets and therapy,IN_VITRO_EXPERIMENTAL,A549 human lung carcinoma,Human,DERIVATIVE,Lupeol / NDV,SYNTHETIC_ANALOGUE,STRUCTURAL_ANALOGUE_EVIDENCE,DIRECT_EVIDENCE,DIRECT_DISEASE_MODEL_EVIDENCE,VERIFIED_AUDIT_APPROVED
17,16968952,10.1124/pr.58.3.10,"Theoretical basis, experimental design, and computerized simulation of synergism and antagonism in drug combination studies.",2006,Pharmacological reviews,METHODOLOGICAL_LANDMARK,A549 human lung carcinoma,N/A,METHODOLOGICAL_STANDARD,Lupeol / NDV,ALGORITHMIC_FORMULATION,METHODOLOGICAL_LANDMARK,METHODOLOGICAL_EVIDENCE,METHODOLOGICAL_BENCHMARK,VERIFIED_AUDIT_APPROVED
18,6382953,10.1016/0065-2571(84)90007-4,Quantitative analysis of dose-effect relationships: the combined effects of multiple drugs or enzyme inhibitors.,1984,Advances in enzyme regulation,METHODOLOGICAL_LANDMARK,A549 human lung carcinoma,N/A,METHODOLOGICAL_STANDARD,Lupeol / NDV,ALGORITHMIC_FORMULATION,METHODOLOGICAL_LANDMARK,METHODOLOGICAL_EVIDENCE,METHODOLOGICAL_BENCHMARK,VERIFIED_AUDIT_APPROVED
19,22283001,10.1093/carcin/1.3.203,Comparison of dose-effect relationships of carcinogens following low-dose chronic exposure and high-dose single injection: an analysis by the median-effect principle.,1980,Carcinogenesis,METHODOLOGICAL_LANDMARK,A549 human lung carcinoma,N/A,METHODOLOGICAL_STANDARD,Lupeol / NDV,ALGORITHMIC_FORMULATION,METHODOLOGICAL_LANDMARK,METHODOLOGICAL_EVIDENCE,METHODOLOGICAL_BENCHMARK,VERIFIED_AUDIT_APPROVED
20,35139115,10.1371/journal.pone.0263707,"Optimizing environmental safety and cell-killing potential of oncolytic Newcastle Disease virus with modifications of the V, F and HN genes.",2022,PloS one,IN_VITRO_EXPERIMENTAL,A549 human lung carcinoma,Avian/Human,WILD_TYPE_VIRUS,Lupeol / NDV,ONCOLYTIC_VECTOR,DIRECT_HIGH_CONFIDENCE,INDIRECT_EVIDENCE,SAFETY_SELECTIVITY_BOUNDARY,VERIFIED_AUDIT_APPROVED
21,33864464,10.1093/jpp/rgab050,Mechanisms exploration of Xiaojin Pills on lung cancer based on metabolomics and network pharmacology.,2021,The Journal of pharmacy and pharmacology,IN_VITRO_EXPERIMENTAL,A549 human lung carcinoma,N/A,PURE_CONSTITUENT,Lupeol / NDV,PURE_COMPOUND,DIRECT_HIGH_CONFIDENCE,INDIRECT_EVIDENCE,MECHANISTIC_RATIONALE,VERIFIED_AUDIT_APPROVED
22,39642411,10.1016/j.vetmic.2024.110288,Genome-wide CRISPR screen reveals specific role of type I interferon signaling pathway in Newcastle disease virus establishment of persistent infection.,2025,Veterinary microbiology,IN_VITRO_EXPERIMENTAL,A549 human lung carcinoma,Human,WILD_TYPE_VIRUS,Lupeol / NDV,ONCOLYTIC_VECTOR,DIRECT_HIGH_CONFIDENCE,DIRECT_EVIDENCE,MECHANISTIC_RATIONALE,VERIFIED_AUDIT_APPROVED
23,32329697,10.2174/1871520620666200424131548,Anti-Metastatic Effects of Lupeol via the Inhibition of MAPK/ERK Pathway in Lung Cancer.,2021,Anti-cancer agents in medicinal chemistry,IN_VITRO_EXPERIMENTAL,A549 human lung carcinoma,Human,PURE_CONSTITUENT,Lupeol / NDV,PURE_COMPOUND,DIRECT_HIGH_CONFIDENCE,MECHANISTIC_EVIDENCE,MECHANISTIC_RATIONALE,VERIFIED_AUDIT_APPROVED
24,41170972,10.1128/jvi.01576-25,p53-mediated regulation of electron transport chain and nucleotide synthesis during Newcastle disease virus infection.,2025,Journal of virology,IN_VITRO_EXPERIMENTAL,A549 human lung carcinoma,Human,WILD_TYPE_VIRUS,Lupeol / NDV,ONCOLYTIC_VECTOR,DIRECT_HIGH_CONFIDENCE,MECHANISTIC_EVIDENCE,INTERVENTION_EFFICACY_EVIDENCE,VERIFIED_AUDIT_APPROVED
25,38491315,10.1007/s12032-024-02321-9,In vitro anticancer activity of Hirudinaria manillensis methanolic extract and its validation using in silico molecular docking approach.,2024,"Medical oncology (Northwood, London, England)",IN_VITRO_EXPERIMENTAL,A549 human lung carcinoma,Human,EXTRACT,Lupeol / NDV,BOTANICAL_MIXTURE,CONTAINING_EXTRACT_EVIDENCE,DIRECT_EVIDENCE,INTERVENTION_EFFICACY_EVIDENCE,VERIFIED_AUDIT_APPROVED
