Ref,PMID/DOI,Study Design,Model,Entity,Claim,Evidence Location,Verdict,Numeric OK,Boundary OK,Citation OK,Final Status
[1],PMID:39369566 / 10.1016/j.bmc.2024.117934,IN_VIVO_AND_IN_VITRO,"A549, xenograft",DERIVATIVE,**Chen Z و همکاران (2024)** در مطالعه‌ای با طراحی **مطالعه تجربی**، به بررسی اثرات **عامل مداخله (با تمرکز بر مشتقات شیمیایی سنتزشده)** در سطح **مدل بیولوژیک** در مقایسه با گروه کن...,ABSTRACT,PARTIALLY_SUPPORTED,PASS,WARN (Formulation/Placeholder),PARTIAL,NEEDS_REVISION
[2],PMID:41297068 / 10.1016/j.bmc.2025.118498,IN_VIVO_AND_IN_VITRO,"A549, MCF-7, HepG2",PURE_CONSTITUENT,**Zhao Y و همکاران (2026)** در مطالعه‌ای با طراحی **مطالعه تجربی**، به بررسی اثرات **عامل مداخله (با تمرکز بر مشتقات شیمیایی سنتزشده)** در سطح **مدل بیولوژیک** در مقایسه با گروه کن...,ABSTRACT,PARTIALLY_SUPPORTED,PASS,WARN (Formulation/Placeholder),PARTIAL,NEEDS_REVISION
[3],PMID:39336114 / 10.3390/biology13090687,IN_VITRO_EXPERIMENTAL,"A549, MCF-7, HepG2, HCT116",EXTRACT,**Seglab F و همکاران (2024)** در مطالعه‌ای با طراحی **مطالعه تجربی**، به بررسی اثرات **عامل مداخله (در قالب عصاره تام گیاهی حاوی این فیتوکمیکال)** در سطح **مدل بیولوژیک** در مقایسه...,ABSTRACT,PARTIALLY_SUPPORTED,PASS,WARN (Formulation/Placeholder),PARTIAL,NEEDS_REVISION
[4],PMID:39274838 / 10.3390/molecules29173990,IN_VITRO_EXPERIMENTAL,"A549, MCF-7, HepG2",DERIVATIVE,**Tian S و همکاران (2024)** در مطالعه‌ای با طراحی **مطالعه تجربی**، به بررسی اثرات **عامل مداخله (با تمرکز بر مشتقات شیمیایی سنتزشده)** در سطح **مدل بیولوژیک** در مقایسه با گروه کن...,ABSTRACT,PARTIALLY_SUPPORTED,PASS,WARN (Formulation/Placeholder),PARTIAL,NEEDS_REVISION
[5],PMID:41170972 / 10.1128/jvi.01576-25,IN_VITRO_EXPERIMENTAL,"A549, H1299",VIRAL_AGENT,**Zhao C و همکاران (2025)** در مطالعه‌ای پیرامون برهم‌کنش ویروس نیوکاسل و متابولیسم سلول‌های A549 [5]، نشان دادند که عفونت NDV موجب تغییرات ساختاری میتوکندری و استرس اکسیداتیو می‌گ...,ABSTRACT,SUPPORTED,PASS,PASS,PASS,ACCEPTED
[6],PMID:33968198 / 10.3892/ol.2021.12743,IN_VITRO_EXPERIMENTAL,A549,VIRAL_AGENT,**Liang Y و همکاران (2021)** در مطالعه‌ای با طراحی **مطالعه تجربی**، به بررسی اثرات **عامل مداخله** در سطح **مدل بیولوژیک** در مقایسه با گروه کنترل استاندارد پرداختند [6]. هدف این ...,ABSTRACT,PARTIALLY_SUPPORTED,PASS,WARN (Formulation/Placeholder),PARTIAL,NEEDS_REVISION
[7],PMID:39624055 / 10.1016/j.omton.2024.200899,EXPERIMENTAL_OTHER,NOT_REPORTED_IN_ABSTRACT,RECOMBINANT_VIRAL_PLATFORM,**Rosewell Shaw A و همکاران (2024)** در مطالعه‌ای با طراحی **مطالعه تجربی**، به بررسی اثرات **عامل مداخله [در پلتفرم ویروسی هیبرید مهندسی‌شده]** در سطح **مدل بیولوژیک** در مقایسه ب...,ABSTRACT,PARTIALLY_SUPPORTED,PASS,WARN (Formulation/Placeholder),PARTIAL,NEEDS_REVISION
[8],PMID:42621169 / 10.1007/s10616-026-01049-w,IN_VIVO_AND_IN_VITRO,A549,UNRELATED_PHYTOCHEMICAL,**Kumar A و همکاران (2026)** در مطالعه‌ای با طراحی **مطالعه تجربی**، به بررسی اثرات **عامل مداخله** در سطح **مدل بیولوژیک** در مقایسه با گروه کنترل استاندارد پرداختند [8]. هدف این ...,ABSTRACT,NOT_SUPPORTED,PASS,FAIL (Intervention Mismatch),FAIL,REJECTED
[9],PMID:41942850 / 10.1186/s12864-026-12760-5,IN_VITRO_EXPERIMENTAL,A549,VIRAL_AGENT,**Sun Y و همکاران (2026)** با بهره‌گیری از آنالیز چندامیکسی یکپارچه (ترانسکریپتومیکس، پروتئومیکس و متابولومیکس) در سلول‌های A549 [9]، اثبات کردند که عفونت NDV متابولیسم گلیسروفسفول...,ABSTRACT,SUPPORTED,PASS,PASS,PASS,ACCEPTED
[10],PMID:37845669 / 10.1186/s12906-023-04201-7,IN_VITRO_EXPERIMENTAL,A549,EXTRACT,**Aborehab NM و همکاران (2023)** در مطالعه‌ای با طراحی **مطالعه تجربی**، به بررسی اثرات **عامل مداخله (در قالب عصاره تام گیاهی حاوی این فیتوکمیکال)** در سطح **مدل بیولوژیک** در مقا...,ABSTRACT,PARTIALLY_SUPPORTED,PASS,WARN (Formulation/Placeholder),PARTIAL,NEEDS_REVISION
[11],PMID:41674174 / 10.18502/ijaai.v25i1.20440,IN_VITRO_EXPERIMENTAL,TC-1,VIRAL_AGENT,**Ali Akbar Esfahani M و همکاران (2026)** در مطالعه‌ای با طراحی **مطالعه تجربی**، به بررسی اثرات **عامل مداخله** در سطح **مدل بیولوژیک** در مقایسه با گروه کنترل استاندارد پرداختند ...,ABSTRACT,PARTIALLY_SUPPORTED,PASS,WARN (Formulation/Placeholder),PARTIAL,NEEDS_REVISION
[12],PMID:39459325 / 10.3390/molecules29204957,IN_VITRO_EXPERIMENTAL,"A549, MCF-7, HepG2",PURE_CONSTITUENT,**Deng S و همکاران (2024)** در مطالعه‌ای با طراحی **مطالعه تجربی**، به بررسی اثرات **عامل مداخله (با تمرکز بر مشتقات شیمیایی سنتزشده)** در سطح **مدل بیولوژیک** در مقایسه با گروه کن...,ABSTRACT,PARTIALLY_SUPPORTED,PASS,WARN (Formulation/Placeholder),PARTIAL,NEEDS_REVISION
[13],PMID:32329697 / 10.2174/1871520620666200424131548,IN_VITRO_EXPERIMENTAL,A549,PURE_CONSTITUENT,**Bhatt M و همکاران (2021)** در مطالعه‌ای تجربی بر روی سلول‌های آدنوکارسینومای ریه رده A549 [13]، به ارزیابی اثرات لوپئول طبیعی خالص پرداختند. نکته کلیدی و تمایزبخش این مطالعه آن ا...,ABSTRACT,SUPPORTED,PASS,PASS,PASS,ACCEPTED
[14],PMID:40896365 / 10.1016/j.omton.2025.201027,IN_VITRO_EXPERIMENTAL,A549,RECOMBINANT_VIRAL_PLATFORM,**Kortum F و همکاران (2025)** در مطالعه‌ای با طراحی **مطالعه تجربی**، به بررسی اثرات **عامل مداخله [در پلتفرم ویروسی هیبرید مهندسی‌شده]** در سطح **مدل بیولوژیک** در مقایسه با گروه ...,ABSTRACT,PARTIALLY_SUPPORTED,PASS,WARN (Formulation/Placeholder),PARTIAL,NEEDS_REVISION
[15],PMID:38931361 / 10.3390/ph17060694,IN_VITRO_EXPERIMENTAL,A549,UNRELATED_PHYTOCHEMICAL,**Torres-Sanchez A و همکاران (2024)** در مطالعه‌ای با طراحی **مطالعه تجربی**، به بررسی اثرات **عامل مداخله** در سطح **مدل بیولوژیک** در مقایسه با گروه کنترل استاندارد پرداختند [15]...,ABSTRACT,PARTIALLY_SUPPORTED,PASS,WARN (Formulation/Placeholder),PARTIAL,NEEDS_REVISION
[16],PMID:40951590 / 10.1002/fsn3.70915,IN_VITRO_EXPERIMENTAL,"A549, MCF-7, HepG2",EXTRACT,**Shehzadi S و همکاران (2025)** در مطالعه‌ای با طراحی **مطالعه تجربی**، به بررسی اثرات **عامل مداخله (در قالب عصاره تام گیاهی حاوی این فیتوکمیکال)** در سطح **مدل بیولوژیک** در مقای...,ABSTRACT,PARTIALLY_SUPPORTED,PASS,WARN (Formulation/Placeholder),PARTIAL,NEEDS_REVISION
[17],PMID:42699700 / 10.2147/ITT.S614889,IN_VITRO_EXPERIMENTAL,A549,VIRAL_AGENT,**Ginting TE و همکاران (2026)** در مطالعه‌ای با طراحی **مطالعه تجربی**، به بررسی اثرات **عامل مداخله** در سطح **مدل بیولوژیک** در مقایسه با گروه کنترل استاندارد پرداختند [17]. هدف ...,ABSTRACT,PARTIALLY_SUPPORTED,PASS,WARN (Formulation/Placeholder),PARTIAL,NEEDS_REVISION
[18],PMID:42404852 / 10.1007/s10616-026-01019-2,IN_VITRO_EXPERIMENTAL,A549,UNRELATED_PHYTOCHEMICAL,**Almalghooth HDM و همکاران (2026)** در مطالعه‌ای با طراحی **مطالعه تجربی**، به بررسی اثرات **عامل مداخله** در سطح **مدل بیولوژیک** در مقایسه با گروه کنترل استاندارد پرداختند [18]....,ABSTRACT,NOT_SUPPORTED,PASS,FAIL (Intervention Mismatch),FAIL,REJECTED
[19],PMID:6606682 / 10.1016/0022-1759(83)90303-4,METHODOLOGICAL_LANDMARK,NOT_REPORTED_IN_ABSTRACT,METHODOLOGICAL_STANDARD,**Mosmann T (1983)** در مطالعه شاخص متدولوژیک خود [19]، روش رنگ‌سنجی سریع احیای نمک تترازولیوم توسط دهیدروژنازهای میتوکندریایی سلول‌های زنده را جهت سنجش بقا و سمیت سلولی ابداع نمود...,METHODS,SUPPORTED,FAIL (1 ungrounded),PASS,PASS,ACCEPTED
[20],PMID:16968952 / 10.1124/pr.58.3.10,METHODOLOGICAL_LANDMARK,NOT_REPORTED_IN_ABSTRACT,METHODOLOGICAL_STANDARD,**Chou TC و همکاران (2006)** در مطالعه مرجع روش‌شناختی خود [20]، مبانی نظری، طراحی تجربی و شبیه‌سازی رایانه‌ای ارزیابی برهم‌کنش‌های دارویی را بر پایه معادله اثر میانه تدوین نمودند....,METHODS,SUPPORTED,PASS,PASS,PASS,ACCEPTED
[21],PMID:6382953 / 10.1016/0065-2571(84)90007-4,METHODOLOGICAL_LANDMARK,NOT_REPORTED_IN_ABSTRACT,METHODOLOGICAL_STANDARD,**Chou TC و همکاران (1984)** در مطالعه مرجع روش‌شناختی خود [21]، مبانی نظری، طراحی تجربی و شبیه‌سازی رایانه‌ای ارزیابی برهم‌کنش‌های دارویی را بر پایه معادله اثر میانه تدوین نمودند....,METHODS,SUPPORTED,FAIL (3 ungrounded),PASS,PASS,ACCEPTED
[22],PMID:40382521 / 10.1038/s41434-025-00540-x,IN_VIVO_AND_IN_VITRO,NOT_REPORTED_IN_ABSTRACT,RECOMBINANT_VIRAL_PLATFORM,**Liu L و همکاران (2025)** در مطالعه‌ای با طراحی **مطالعه تجربی**، به بررسی اثرات **عامل مداخله [در سویه نوترکیب ویروسی]** در سطح **مدل بیولوژیک** در مقایسه با گروه کنترل استاندارد...,ABSTRACT,PARTIALLY_SUPPORTED,PASS,WARN (Formulation/Placeholder),PARTIAL,NEEDS_REVISION
[23],PMID:42772808 / 10.1111/1759-7714.70393,IN_VIVO_AND_IN_VITRO,"A549, xenograft",UNRELATED_PHYTOCHEMICAL,**Yu J و همکاران (2026)** در مطالعه‌ای با طراحی **مطالعه تجربی**، به بررسی اثرات **عامل مداخله** در سطح **مدل بیولوژیک** در مقایسه با گروه کنترل استاندارد پرداختند [23]. هدف این بر...,ABSTRACT,NOT_SUPPORTED,PASS,FAIL (Intervention Mismatch),FAIL,REJECTED
[24],PMID:42633541 / 10.36721/PJPS.2026.39.11.328.1,IN_VIVO_AND_IN_VITRO,"A549, xenograft",UNRELATED_PHYTOCHEMICAL,**Sun J و همکاران (2026)** در مطالعه‌ای با طراحی **مطالعه تجربی**، به بررسی اثرات **عامل مداخله** در سطح **مدل بیولوژیک** در مقایسه با گروه کنترل استاندارد پرداختند [24]. هدف این ب...,ABSTRACT,NOT_SUPPORTED,PASS,FAIL (Intervention Mismatch),FAIL,REJECTED
[25],PMID:39792924 / 10.1371/journal.ppat.1012531,IN_VIVO_AND_IN_VITRO,A549,UNRELATED_PHYTOCHEMICAL,**Yang Y و همکاران (2025)** در مطالعه‌ای با طراحی **مطالعه تجربی**، به بررسی اثرات **عامل مداخله [در سویه نوترکیب ویروسی]** در سطح **مدل بیولوژیک** در مقایسه با گروه کنترل استاندار...,ABSTRACT,PARTIALLY_SUPPORTED,PASS,WARN (Formulation/Placeholder),PARTIAL,NEEDS_REVISION
