Ref_Number,PMID,DOI,First_Author,Publication_Year,Journal,Title,Bibliographic_Verification_Status,intervention_identity,intervention_purity,second_intervention_identity,biological_model,cell_line,study_design,primary_endpoint,actual_observed_effect,evidence_directness,evidence_role,evidence_polarity,Compound_Identity_Tier,Pure_Lupeol,Viral_Platform,NDV,A549,Combination,Evidence_Category,Claims_Supported,Role_Status
1,39369566,10.1016/j.bmc.2024.117934,Chen Z,2024,Bioorg Med Chem,"Design, synthesis and antitumor effects of lupeol quaternary phosphonium salt derivatives",VERIFIED_AUTHENTIC_PUBMED_E_FETCH,Lupeol Quaternary Phosphonium Salt Derivatives,SEMI_SYNTHETIC_DERIVATIVE,None,HUMAN_CELL_CULTURE,A549,IN_VITRO_EXPERIMENTAL,"Apoptosis induction, caspase-3/9 cleavage, S-phase arrest","Compound 14f significantly downregulated Bcl-2, upregulated Bax, cleaved caspase-3/9, and arrested A549 in S phase (IC50 = 1.2 uM)",CLOSE_ANALOG (Synthetic Derivative),DERIVATIVE_CYTOTOXICITY_BENCHMARK,SUPPORTS,TIER_3_LUPEOL_DERIVATIVES,NO (Synthetic Derivative),NOT_APPLICABLE,NO,YES,NO,C. CLOSE_ANALOG_EVIDENCE,CLM_01,VALID_EMPIRICAL_ROLE
2,33968198,10.3892/ol.2021.12743,Liang Y,2021,Oncol Lett,MicroRNA-204 plays a role as a tumor suppressor in Newcastle disease virus-induced oncolysis in lung cancer A549 cells,VERIFIED_AUTHENTIC_PUBMED_E_FETCH,Newcastle Disease Virus (Strain 7793),BIOLOGICAL_VIRAL_STRAIN,miR-204 mimic / inhibitor,HUMAN_CELL_CULTURE,A549,IN_VITRO_EXPERIMENTAL,"Oncolysis, cell viability reduction, apoptosis induction",NDV induced oncolytic cell death and caspase-3/Bax apoptosis in A549; miR-204 overexpression significantly augmented NDV-induced oncolysis,DIRECT_SINGLE_INTERVENTION (NDV oncolysis in A549),TARGET_VIRUS_ONCOLYSIS_BASELINE,SUPPORTS,NOT_APPLICABLE_VIRAL,NO,WILD_TYPE_OR_STANDARD_ONCOLYTIC_NDV,YES,YES,NO,B. DIRECT_SINGLE_INTERVENTION_EVIDENCE,CLM_02,VALID_EMPIRICAL_ROLE
3,39624055,10.1016/j.omton.2024.200899,Rosewell Shaw A,2024,Mol Ther Oncol,IL-12 encoding oNDV synergizes with CAR-T cells in orthotopic models of non-small cell lung cancer,VERIFIED_AUTHENTIC_PUBMED_E_FETCH,IL-12 encoding oNDV,RECOMBINANT_VIRUS,CAR-T cells,ORTHOTOPIC_LUNG_CANCER_MODEL,Other NSCLC lines / In Vivo,IN_VITRO_EXPERIMENTAL,"Immunotherapy synergy, orthotopic lung tumor eradication",IL-12-encoding oNDV reprogrammed immunosuppressive tumor microenvironment and synergized with CAR-T cells in orthotopic NSCLC models,CLOSE_ANALOG (Recombinant NDV + Immunotherapy in Lung),VIRAL_COMBINATION_BENCHMARK,SUPPORTS,NOT_APPLICABLE_VIRAL,NO,RECOMBINANT_OR_CHIMERIC_PLATFORM,YES (Engineered / Chimeric),NO,YES (Analogous: oNDV + CAR-T),C. CLOSE_ANALOG_EVIDENCE,CLM_07,VALID_EMPIRICAL_ROLE
4,41170972,10.1128/jvi.01576-25,Zhao C,2025,J Virol,p53-mediated regulation of electron transport chain and nucleotide synthesis during Newcastle disease virus infection,VERIFIED_AUTHENTIC_PUBMED_E_FETCH,Newcastle Disease Virus,BIOLOGICAL_VIRAL_STRAIN,None (p53 genetic comparison),HUMAN_CELL_CULTURE,A549 (p53-WT) vs H1299 (p53-null),IN_VITRO_EXPERIMENTAL,"Mitochondrial electron transport chain, nucleotide synthesis, viral replication","NDV disrupted ETC complexes I/III and nucleotide biosynthesis; p53 in A549 buffered against energy depletion and ROS-mediated cytotoxicity, restricting NDV replication without catastrophic energetic collapse",DIRECT_SINGLE_INTERVENTION (Mechanistic NDV in A549),MECHANISTIC_VIRAL_METABOLISM_BASELINE,LIMITS_INTERPRETATION,NOT_APPLICABLE_VIRAL,NO,WILD_TYPE_OR_STANDARD_ONCOLYTIC_NDV,YES,YES,NO,B. DIRECT_SINGLE_INTERVENTION_EVIDENCE,CLM_03,VALID_EMPIRICAL_ROLE
5,42621169,10.1007/s10616-026-01049-w,Kumar A,2026,Cytotechnology,In silico and in vitro evaluation of synergistic anticancer effects of erucin and kaempferol from Eruca sativa against human A549 non-small cell lung cancer cells (NSCLC),VERIFIED_AUTHENTIC_PUBMED_E_FETCH,Erucin,PURE_PHYTOCHEMICAL,Kaempferol,HUMAN_CELL_CULTURE,A549,IN_VITRO_EXPERIMENTAL,"Synergistic growth inhibition, apoptosis induction, CI calculation",Erucin and kaempferol co-treatment demonstrated synergistic growth inhibition in A549 cells (Chou-Talalay CI < 1.0) and enhanced apoptotic annexin V binding,CLOSE_ANALOG (Analogous Phytochemical Synergy in A549),ANALOGOUS_PHYTOCHEMICAL_SYNERGY_PROOF_OF_CONCEPT,SUPPORTS,NOT_APPLICABLE_OTHER_PHYTOCHEMICAL,NO (Other Phytochemical),NOT_APPLICABLE,NO,YES,YES (Phytochemical + Phytochemical in A549),C. CLOSE_ANALOG_EVIDENCE,CLM_11,VALID_EMPIRICAL_ROLE
6,41297068,10.1016/j.bmc.2025.118498,Zhao Y,2026,Bioorg Med Chem,Development of lupeol derivatives based on tubulin-targeting strategy: structural modification and correlation analysis of antitumor activity,VERIFIED_AUTHENTIC_PUBMED_E_FETCH,Tubulin-targeting Lupeol Derivatives,SEMI_SYNTHETIC_DERIVATIVE,None,HUMAN_CELL_CULTURE,A549,IN_VITRO_EXPERIMENTAL,"Tubulin polymerization inhibition, antiproliferative activity",Synthesized lupeol derivatives inhibited tubulin polymerization and exhibited sub-micromolar antiproliferative IC50 against A549 lung cancer cells,CLOSE_ANALOG (Synthetic Derivative),DERIVATIVE_CYTOTOXICITY_BENCHMARK,SUPPORTS,TIER_3_LUPEOL_DERIVATIVES,NO (Synthetic Derivative),NOT_APPLICABLE,NO,YES,NO,C. CLOSE_ANALOG_EVIDENCE,CLM_05,VALID_EMPIRICAL_ROLE
7,39336114,10.3390/biology13090687,Seglab F,2024,Biology (Basel),"Chemical Composition, Antioxidant Capacity, and Anticancerous Effects against Human Lung Cancer Cells of a Terpenoid-Rich Fraction of Inula viscosa",VERIFIED_AUTHENTIC_PUBMED_E_FETCH,Inula viscosa terpenoid-rich fraction (containing Lupeol),WHOLE_PLANT_EXTRACT,None,HUMAN_CELL_CULTURE,A549,IN_VITRO_EXPERIMENTAL,"Free radical scavenging, cytotoxic growth inhibition",Terpenoid fraction containing pentacyclic triterpenes demonstrated antioxidant capacity and dose-dependent cytotoxicity in A549 cells,CLOSE_ANALOG (Whole Plant Extract),EXTRACT_CYTOTOXICITY_BENCHMARK,SUPPORTS,TIER_4_CONTAINING_EXTRACT,NO (Natural Plant Extract),NOT_APPLICABLE,NO,YES,NO,C. CLOSE_ANALOG_EVIDENCE,CLM_06,VALID_EMPIRICAL_ROLE
8,39274838,10.3390/molecules29173990,Tian S,2024,Molecules,Lupeol-3-carbamate Derivatives: Synthesis and Biological Evaluation as Potential Antitumor Agents,VERIFIED_AUTHENTIC_PUBMED_E_FETCH,Lupeol-3-carbamate Derivatives,SEMI_SYNTHETIC_DERIVATIVE,None,HUMAN_CELL_CULTURE,A549,IN_VITRO_EXPERIMENTAL,"Antitumor evaluation, cell proliferation inhibition",Lupeol-3-carbamates displayed potent cytotoxicity against A549 cells with enhanced solubility compared to parent molecule,CLOSE_ANALOG (Synthetic Derivative),DERIVATIVE_CYTOTOXICITY_BENCHMARK,SUPPORTS,TIER_3_LUPEOL_DERIVATIVES,NO (Synthetic Derivative),NOT_APPLICABLE,NO,YES,NO,C. CLOSE_ANALOG_EVIDENCE,CLM_01,VALID_EMPIRICAL_ROLE
9,41942850,10.1186/s12864-026-12760-5,Sun Y,2026,BMC Genomics,"Integrated transcriptomics, proteomics, and metabolomics analysis reveals newcastle disease virus reshapes glycerophospholipid metabolism",VERIFIED_AUTHENTIC_PUBMED_E_FETCH,Newcastle Disease Virus,BIOLOGICAL_VIRAL_STRAIN,None,HUMAN_CELL_CULTURE,A549,MULTI_OMICS_PROFILING,"Glycerophospholipid remodeling, host metabolome rewiring",Integrated transcriptomics/proteomics/metabolomics revealed NDV depletes host LPC/LPE and modulates phosphatidylserine to facilitate viral propagation,DIRECT_SINGLE_INTERVENTION (Multi-omics NDV in A549),METABOLIC_HOST_RESPONSE_BASELINE,SUPPORTS,NOT_APPLICABLE_VIRAL,NO,WILD_TYPE_OR_STANDARD_ONCOLYTIC_NDV,YES,YES,NO,B. DIRECT_SINGLE_INTERVENTION_EVIDENCE,CLM_04,VALID_EMPIRICAL_ROLE
10,37845669,10.1186/s12906-023-04201-7,Aborehab NM,2023,BMC Complement Med Ther,A novel lupene derivative from Thymus capitatus possesses an apoptosis-inducing effect via Let-7 miRNA/Cyclin D1/VEGF cascade in the A549 cell line,VERIFIED_AUTHENTIC_PUBMED_E_FETCH,Thymus capitatus Lupene Derivative,WHOLE_PLANT_EXTRACT / FRACTION,None,HUMAN_CELL_CULTURE,A549,IN_VITRO_EXPERIMENTAL,"Apoptosis induction, Let-7 miRNA / Cyclin D1 / VEGF pathway",Lupene derivative from Thymus capitatus induced apoptosis and downregulated Cyclin D1 and VEGF in A549 lung cancer cells,CLOSE_ANALOG (Plant Extract Lupene),EXTRACT_CYTOTOXICITY_BENCHMARK,SUPPORTS,TIER_4_CONTAINING_EXTRACT,NO (Natural Plant Extract),NOT_APPLICABLE,NO,YES,NO,C. CLOSE_ANALOG_EVIDENCE,CLM_06,VALID_EMPIRICAL_ROLE
11,39459325,10.3390/molecules29204957,Deng S,2024,Molecules,Thiazolidinedione-Conjugated Lupeol Derivatives as Potent Anticancer Agents Through a Mitochondria-Mediated Apoptotic Pathway,VERIFIED_AUTHENTIC_PUBMED_E_FETCH,Thiazolidinedione-Conjugated Lupeol Derivatives,SEMI_SYNTHETIC_DERIVATIVE,None,HUMAN_CELL_CULTURE,A549,IN_VITRO_EXPERIMENTAL,"Mitochondrial apoptotic pathway, membrane potential collapse",TZD-conjugated lupeol derivatives induced intrinsic apoptosis via mitochondrial disruption in A549 lung cancer cells,CLOSE_ANALOG (Synthetic Derivative),DERIVATIVE_CYTOTOXICITY_BENCHMARK,SUPPORTS,TIER_3_LUPEOL_DERIVATIVES,NO (Synthetic Derivative),NOT_APPLICABLE,NO,YES,NO,C. CLOSE_ANALOG_EVIDENCE,CLM_05,VALID_EMPIRICAL_ROLE
12,40896365,10.1016/j.omton.2025.201027,Kortum F,2025,Mol Ther Oncol,Syncytial death mediated by oncolytic rVSV-NDV dynamically activates immunogenic apoptosis and necroptosis in human lung cancer cells,VERIFIED_AUTHENTIC_PUBMED_E_FETCH,Oncolytic rVSV-NDV hybrid virus,CHIMERIC_HYBRID_VIRUS,None,HUMAN_CELL_CULTURE,Human lung cancer cells / A549,IN_VITRO_EXPERIMENTAL,"Syncytial formation, immunogenic apoptosis and necroptosis","rVSV-NDV chimeric virus mediated robust syncytial cell fusion, activating both apoptotic and necroptotic cell death cascades in human lung cancer",CLOSE_ANALOG (Chimeric NDV Hybrid),ONCOLYTIC_SYNCYTIA_BENCHMARK,SUPPORTS,NOT_APPLICABLE_VIRAL,NO,RECOMBINANT_OR_CHIMERIC_PLATFORM,YES (Engineered / Chimeric),YES,NO,C. CLOSE_ANALOG_EVIDENCE,CLM_07,VALID_EMPIRICAL_ROLE
13,38931361,10.3390/ph17060694,Torres-Sanchez A,2024,Pharmaceuticals (Basel),Unraveling the Impact of Six Pentacyclic Triterpenes Regulating Metabolic Pathways on Lung Carcinoma Cells,VERIFIED_AUTHENTIC_PUBMED_E_FETCH,Six Pentacyclic Triterpenes,RELATED_PENTACYCLIC_TRITERPENES,None,HUMAN_CELL_CULTURE,A549,IN_VITRO_EXPERIMENTAL,"Metabolic flux, cell cycle arrest, glycolytic inhibition",Comparative analysis of 6 pentacyclic triterpenes demonstrated differential inhibition of glycolytic metabolism and viability in A549 cells,CLOSE_ANALOG (Related Triterpene Class),TRITERPENE_CLASS_BENCHMARK,SUPPORTS,TIER_5_RELATED_PENTACYCLIC_TRITERPENES,NO (Group of 6 Triterpenes),NOT_APPLICABLE,NO,YES,NO,C. CLOSE_ANALOG_EVIDENCE,CLM_08,VALID_EMPIRICAL_ROLE
14,41674174,10.18502/ijaai.v25i1.20440,Ali Akbar Esfahani M,2026,Iran J Allergy Asthma Immunol,Evaluation of the Effects of Newcastle Disease Virus as an Oncolytic Virus on the Expression of Apoptosis-related Genes in TC-1 Cell Line,VERIFIED_AUTHENTIC_PUBMED_E_FETCH,Newcastle Disease Virus,BIOLOGICAL_VIRAL_STRAIN,None,MOUSE_LUNG_CANCER_MODEL,TC-1 (Mouse Lung),IN_VITRO_EXPERIMENTAL,"Apoptosis-related gene expression (Bax, Bcl-2, Caspase-3)",NDV significantly upregulated Bax and Caspase-3 and downregulated Bcl-2 expression in lung carcinoma TC-1 cells,CLOSE_ANALOG (NDV in Non-A549 Lung Line),VIRAL_APOPTOSIS_MECHANISM_BENCHMARK,SUPPORTS,NOT_APPLICABLE_VIRAL,NO,WILD_TYPE_OR_STANDARD_ONCOLYTIC_NDV,YES,NO,NO,C. CLOSE_ANALOG_EVIDENCE,CLM_02,VALID_EMPIRICAL_ROLE
15,40382521,10.1038/s41434-025-00540-x,Liu L,2025,Gene Ther,Recombinant oncolytic virus NDV-anti-VEGFR2 enhances radiotherapy sensitivity in NSCLC by targeting VEGF signaling and impairing DNA repair,VERIFIED_AUTHENTIC_PUBMED_E_FETCH,Recombinant NDV-anti-VEGFR2,RECOMBINANT_VIRUS,Radiotherapy,HUMAN_CELL_CULTURE,A549,IN_VITRO_EXPERIMENTAL,"Radiotherapy sensitization, VEGF signaling, DNA repair impairment",Recombinant NDV expressing anti-VEGFR2 impaired DNA repair pathways and sensitized NSCLC cells to radiation,CLOSE_ANALOG (Recombinant NDV Combination),VIRAL_COMBINATION_BENCHMARK,SUPPORTS,NOT_APPLICABLE_VIRAL,NO,RECOMBINANT_OR_CHIMERIC_PLATFORM,YES (Engineered / Chimeric),NO (Other NSCLC),YES (oNDV + Radiotherapy),C. CLOSE_ANALOG_EVIDENCE,CLM_07,VALID_EMPIRICAL_ROLE
16,40951590,10.1002/fsn3.70915,Shehzadi S,2025,Food Sci Nutr,"Unveiling the Phytochemical Profile and Anti-Cancer Potential of Lantana camara Leaf and Root Extracts Against MCF-7, HepG2, and A549 Cancer Cell Lines",VERIFIED_AUTHENTIC_PUBMED_E_FETCH,Lantana camara leaf & root extracts (containing Lupeol),WHOLE_PLANT_EXTRACT,None,HUMAN_CELL_CULTURE,"A549, MCF-7, HepG2",IN_VITRO_EXPERIMENTAL,"Cytotoxicity, phytochemical profiling",Crude Lantana extracts rich in triterpenes demonstrated dose-dependent cytotoxic effects across A549 and other solid tumor lines,CLOSE_ANALOG (Whole Plant Extract),EXTRACT_CYTOTOXICITY_BENCHMARK,SUPPORTS,TIER_4_CONTAINING_EXTRACT,NO (Natural Plant Extract),NOT_APPLICABLE,NO,YES,NO,C. CLOSE_ANALOG_EVIDENCE,CLM_06,VALID_EMPIRICAL_ROLE
17,42699700,10.2147/itt.s614889,Ginting TE,2026,Immunotargets Ther,Newcastle Disease Virus - Induced Interferons Regulate PD-L1 and MICA Expression in Human Tumor and Normal Cells,VERIFIED_AUTHENTIC_PUBMED_E_FETCH,Newcastle Disease Virus,BIOLOGICAL_VIRAL_STRAIN,None,HUMAN_CELL_CULTURE,A549 & normal fibroblasts,IN_VITRO_EXPERIMENTAL,"Type I interferon production, PD-L1 and MICA regulation",NDV-induced IFN-I secretion modulated PD-L1 and MICA expression differentially in tumor cells (A549) versus non-malignant normal cells,MECHANISTIC_METHOD_EVIDENCE (Interferon Selectivity),IMMUNE_SELECTIVITY_MECHANISM,SUPPORTS,NOT_APPLICABLE_VIRAL,NO,WILD_TYPE_OR_STANDARD_ONCOLYTIC_NDV,YES,YES,NO,D. MECHANISTIC_METHOD_EVIDENCE,CLM_09,VALID_EMPIRICAL_ROLE
18,42404852,10.1007/s10616-026-01019-2,Almalghooth HDM,2026,Cytotechnology,Combination of paclitaxel with eugenol effectively enhances anticancer characteristics of paclitaxel on the A549 lung cancer cell line,VERIFIED_AUTHENTIC_PUBMED_E_FETCH,Eugenol,PURE_PHYTOCHEMICAL,Paclitaxel,HUMAN_CELL_CULTURE,A549,IN_VITRO_EXPERIMENTAL,"Anticancer enhancement, combination efficacy in A549",Eugenol combined with paclitaxel enhanced apoptotic cytotoxicity and cell cycle arrest in A549 cells,CLOSE_ANALOG (Phytochemical + Drug Synergy in A549),ANALOGOUS_COMBINATION_BENCHMARK,SUPPORTS,NOT_APPLICABLE_OTHER_PHYTOCHEMICAL,NO (Other Phytochemical),NOT_APPLICABLE,NO,YES,YES (Phytochemical + Chemotherapy in A549),C. CLOSE_ANALOG_EVIDENCE,CLM_11,VALID_EMPIRICAL_ROLE
19,16968952,10.1124/pr.58.3.10,Chou TC,2006,Pharmacol Rev,"Theoretical basis, experimental design, and computerized simulation of synergism and antagonism in drug combination studies",VERIFIED_AUTHENTIC_PUBMED_E_FETCH,None (Theoretical Pharmacology & Algorithm),METHODOLOGICAL_LANDMARK,None,CELL_FREE_MATHEMATICAL_MODEL,None / Theoretical,METHODOLOGICAL_LANDMARK,"Median-effect equation, Combination Index theorem (CI)","Established mathematical definition and computer simulation for synergism (CI < 1), additivity (CI = 1), and antagonism (CI > 1)",METHOD_SUPPORT (Quantitative Synergy Algorithm),CANONICAL_SYNERGY_MATHEMATICAL_FRAMEWORK,SUPPORTS,NOT_APPLICABLE_METHOD,NO (Methodological Landmark),NOT_APPLICABLE,NO,NO,NO,D. MECHANISTIC_METHOD_EVIDENCE,CLM_12,VALID_EMPIRICAL_ROLE
20,6606682,10.1016/0022-1759(83)90303-4,Mosmann T,1983,J Immunol Methods,Rapid colorimetric assay for cellular growth and survival: application to proliferation and cytotoxicity assays,VERIFIED_AUTHENTIC_PUBMED_E_FETCH,None (MTT Colorimetric Bioassay Development),METHODOLOGICAL_LANDMARK,None,CELL_CULTURE_BIOASSAY_DEVELOPMENT,Multiple In Vitro Lines,METHODOLOGICAL_LANDMARK,Colorimetric tetrazolium MTT cleavage by mitochondrial dehydrogenase,Developed standard colorimetric assay measuring cell survival and cytotoxicity via mitochondrial MTT reduction,METHOD_SUPPORT (Cell Viability Bioassay Standard),CANONICAL_MTT_ASSAY_STANDARD,SUPPORTS,NOT_APPLICABLE_METHOD,NO (Methodological Landmark),NOT_APPLICABLE,NO,NO,NO,D. MECHANISTIC_METHOD_EVIDENCE,CLM_13,VALID_EMPIRICAL_ROLE
21,6382953,10.1016/0065-2571(84)90007-4,Chou TC,1984,Adv Enzyme Regul,Quantitative analysis of dose-effect relationships: the combined effects of multiple drugs or enzyme inhibitors,VERIFIED_AUTHENTIC_PUBMED_E_FETCH,None (Dose-Effect Relationship Modeling),METHODOLOGICAL_LANDMARK,None,CELL_FREE_MATHEMATICAL_MODEL,None / Theoretical,METHODOLOGICAL_LANDMARK,Quantitative analysis of dose-effect relationships for multiple inhibitors,Formulated original mass-action law derivation for multiple drug interactions,METHOD_SUPPORT (Dose-Effect Law Formulation),CANONICAL_DOSE_EFFECT_MATHEMATICAL_FRAMEWORK,SUPPORTS,NOT_APPLICABLE_METHOD,NO (Methodological Landmark),NOT_APPLICABLE,NO,NO,NO,D. MECHANISTIC_METHOD_EVIDENCE,CLM_12,VALID_EMPIRICAL_ROLE
22,32329697,10.2174/1871520620666200424131548,Bhatt M,2021,Anticancer Agents Med Chem,Anti-Metastatic Effects of Lupeol via the Inhibition of MAPK/ERK Pathway in Lung Cancer,VERIFIED_AUTHENTIC_PUBMED_E_FETCH,Pure Natural Lupeol,PURE_NATURAL_COMPOUND,None,HUMAN_CELL_CULTURE,A549,IN_VITRO_EXPERIMENTAL,Anti-metastatic migration inhibition & MAPK/ERK pathway modulation,"Lupeol inhibited cell migration, showed NO cytotoxic effects on A549 cells, and decreased pErk1/2 and EMT gene expression (N-cadherin, vimentin)",DIRECT_SINGLE_INTERVENTION (Pure Lupeol in A549: Anti-Migratory),TARGET_INTERVENTION_ANTI_MIGRATORY_BASELINE,LIMITS_INTERPRETATION,TIER_1_PURE_LUPEOL_A549_LUNG,YES (Pure Natural Lupeol),NOT_APPLICABLE,NO,YES,NO,B. DIRECT_SINGLE_INTERVENTION_EVIDENCE,CLM_10; CLM_10_CYTO_LIMITATION,VALID_EMPIRICAL_ROLE
23,42772808,10.1111/1759-7714.70393,Yu J,2026,Thorac Cancer,Matrine Suppresses Lung Cancer Progression via Dual Inhibition of CHEK1-Mediated DNA Damage Repair and PI3K/AKT Survival Signaling,VERIFIED_AUTHENTIC_PUBMED_E_FETCH,Matrine,PURE_ALKALOID,None,HUMAN_CELL_CULTURE,A549,IN_VITRO_EXPERIMENTAL,"CHEK1-mediated DNA repair, PI3K/Akt survival signaling, apoptosis",Matrine suppressed NSCLC progression via dual inhibition of CHEK1-mediated DNA repair and PI3K/Akt pathway,MECHANISTIC_METHOD_EVIDENCE (Pathway Signaling),ORTHOGONAL_SURVIVAL_PATHWAY_BENCHMARK,SUPPORTS,NOT_APPLICABLE_OTHER_PHYTOCHEMICAL,NO (Other Phytochemical),NOT_APPLICABLE,NO,YES,NO,D. MECHANISTIC_METHOD_EVIDENCE,CLM_14,VALID_EMPIRICAL_ROLE
24,39792924,10.1371/journal.ppat.1012531,Yang Y,2025,PLoS Pathog,SLC35A2 gene product modulates paramyxovirus fusion events during infection,VERIFIED_AUTHENTIC_PUBMED_E_FETCH,Paramyxovirus fusion machinery / SLC35A2 modulation,MOLECULAR_VIROLOGY_MECHANISM,None,HUMAN_CELL_CULTURE,A549,IN_VITRO_EXPERIMENTAL,Host factor SLC35A2 regulation of viral syncytial fusion,SLC35A2 gene product modulates paramyxovirus fusion events during host cell infection,CLOSE_ANALOG (Paramyxovirus Fusion Virology),SYNCYTIAL_VIROLOGY_MECHANISM,SUPPORTS,NOT_APPLICABLE_VIRAL,NO,RECOMBINANT_OR_CHIMERIC_PLATFORM,YES (Paramyxovirus Family),YES,NO,C. CLOSE_ANALOG_EVIDENCE,CLM_03,VALID_EMPIRICAL_ROLE
25,42633541,10.36721/pjps.2026.39.11.328.1,Sun J,2026,Pak J Pharm Sci,Jolkinolide B induces apoptosis and G1 arrest in A549 cells via JAK2/STAT3 inhibition,VERIFIED_AUTHENTIC_PUBMED_E_FETCH,Jolkinolide B,PURE_DITERPENOID,None,HUMAN_CELL_CULTURE,A549,IN_VITRO_EXPERIMENTAL,"JAK2/STAT3 signaling inhibition, G1 cell cycle arrest, apoptosis",Jolkinolide B induced intrinsic apoptosis and G1 arrest in A549 cells via JAK2/STAT3 pathway suppression,MECHANISTIC_METHOD_EVIDENCE (Apoptosis Pathway),ORTHOGONAL_APOPTOSIS_MECHANISM_BENCHMARK,SUPPORTS,NOT_APPLICABLE_OTHER_PHYTOCHEMICAL,NO (Other Phytochemical),NOT_APPLICABLE,NO,YES,NO,D. MECHANISTIC_METHOD_EVIDENCE,CLM_14,VALID_EMPIRICAL_ROLE
